{
    "poses": [
        {
            "comment": "",
            "additionalE": {
                "e1": 0,
                "e3": 0,
                "e2": 0
            },
            "name": "福賽特比心1",
            "groupNumber": 0,
            "cart": {
                "a": 0,
                "c": -172.792,
                "b": -88.765,
                "y": 56.401,
                "x": 445.986,
                "z": 703.698
            },
            "joint": {
                "j4": 0,
                "j5": 0,
                "j6": 0,
                "j1": 0.12579548731160406,
                "j2": 0.021555331615722633,
                "j3": 0
            },
            "tf": 1,
            "uf": 0,
            "type": 1,
            "id": 5,
            "poseType": "cart"
        },
        {
            "additionalE": {
                "e1": 0,
                "e3": 0,
                "e2": 0
            },
            "name": "2",
            "groupNumber": 0,
            "cart": {
                "a": -173.574,
                "c": 2.173,
                "b": 2.836,
                "y": 8.523,
                "x": 251.238,
                "z": 489.457
            },
            "joint": {
                "j4": 0.11427386097572241,
                "j5": -1.3032264112928487,
                "j6": -0.06845157138735172,
                "j1": 0,
                "j2": 0.3678481775302148,
                "j3": -0.6908245274108769
            },
            "tf": 2,
            "uf": 0,
            "type": 1,
            "id": 6,
            "poseType": "cart"
        },
        {
            "additionalE": {
                "e1": 0,
                "e3": 0,
                "e2": 0
            },
            "groupNumber": 0,
            "cart": {
                "a": -173.574,
                "c": 2.173,
                "b": 2.836,
                "y": 8.523,
                "x": 251.238,
                "z": 489.457
            },
            "joint": {
                "j4": 0.11427386097572241,
                "j5": -1.3032264112928487,
                "j6": -0.06845157138735172,
                "j1": 0,
                "j2": 0.3678481775302148,
                "j3": -0.6908245274108769
            },
            "tf": 2,
            "uf": 0,
            "type": 1,
            "id": 7,
            "poseType": "cart"
        }
    ]
}