{
    "lastModifiedAuthor": "admin",
    "author": "admin",
    "codeNumber": 2,
    "programType": "Main",
    "protectStatus": 1,
    "note": "None",
    "modifyTime": 1519924282240,
    "homePose": -1,
    "poses": [
		{
			"cart": {
				"a": 0,
				"b": 0,
				"c": 3.141592653589793,
				"x": 400,
				"y": 400,
				"z": 400
			},
			"comment": "",
			"groupNumber": 0,
			"id": 5,
			"joint": {
				"j1": 0.7853981633974483,
				"j2": -0.6642199534314821,
				"j3": 0.21320942142362728,
				"j4": 3.141592653589793,
				"j5": 1.119785794787042,
				"j6": -2.356194490192345
			},
			"name": "福賽特比心1",
			"poseType": "cart",
			"additionalE": {
				"e1": 0,
				"e2": 0,
				"e3": 0
			},
			"posture": [1, 1, -1, 0],
			"tf": 1,
			"uf": 0
		},
		{
			"cart": {
				"x": 475.989,
				"y": 21.366,
				"z": 670,
				"a": -0.054,
				"b": -0.027419,
				"c": 0
			},
			"joint": {
				"j1": 0.048,
				"j2": 0,
				"j3": 0,
				"j4": 0,
				"j5": 0,
				"j6": 0
			},
			"comment": "",
			"groupNumber": 1,
			"poseType": "cart",
			"name": "",
			"tf": 0,
			"uf": 0,
			"id": 2,
			"additionalE": {
				"e1": 0,
				"e2": 0,
				"e3": 0
			},
			"posture": [1, 1, -1, 0]
		}
	],

    "createTime": 1519924282240
}