{
    "additional": {
        "j7": 0,
        "j8": 0,
        "j9": 0
    },
    "comment": "新的哦",
    "joint": {
        "j1": 0,
        "j2": 0,
        "j3": 1.5707963267948966,
        "j4": 0,
        "j5": 1.5707963267948966,
        "j6": 1.5707963267948966
    }
}