{
    "author": "admin",
    "create_date": 1506503332.0502856,
    "home_pose": "1",
    "lastModifiedAuthor": "admin",
    "note": "None",
    "poses": [
        {
            "cart": {
                "a": 0,
                "b": 0,
                "c": 3.141592653589793,
                "x": 400,
                "y": 400,
                "z": 400
            },
            "comment": "",
            "gp": 0,
            "id": 5,
            "joint": {
                "j1": 0.7853981633974483,
                "j2": -0.6642199534314821,
                "j3": 0.21320942142362728,
                "j4": 3.141592653589793,
                "j5": 1.119785794787042,
                "j6": -2.356194490192345
            },
            "name": "福賽特比心1",
            "tf": 1,
            "uf": 0
        },
        {
            "cart": {
                "a": 0,
                "b": 0,
                "c": 0,
                "x": 0,
                "y": 0,
                "z": 0
            },
            "comment": "",
            "gp": 0,
            "id": 17,
            "joint": {
                "j1": 0,
                "j2": 0,
                "j3": 0,
                "j4": 0,
                "j5": 1.5707963267948966,
                "j6": 0
            },
            "name": "j590",
            "tf": 1,
            "uf": 0
        },
        {
            "cart": {
                "a": 0,
                "b": 0,
                "c": 3.141592653589793,
                "x": 400,
                "y": -400,
                "z": 500
            },
            "comment": "",
            "gp": 0,
            "id": 1,
            "joint": {
                "j1": 0,
                "j2": 0,
                "j3": 1.5707963267948966,
                "j4": 0,
                "j5": 1.5707963267948966,
                "j6": 0
            },
            "name": "福賽特比心2",
            "tf": 1,
            "uf": 0
        },
        {
            "cart": {
                "a": 0,
                "b": 0,
                "c": 3.141592653589793,
                "x": 380,
                "y": 0,
                "z": 617.5
            },
            "comment": "",
            "gp": 0,
            "id": 2,
            "joint": {
                "j1": -0.3405311903566136,
                "j2": -0.6648482719622,
                "j3": -0.16516050711622338,
                "j4": 2.1924476997702365,
                "j5": 0.1666614902729385,
                "j6": -2.1499314791916553
            },
            "name": "福賽特比心3",
            "tf": 1,
            "uf": 0
        },
        {
            "cart": {
                "a": 0,
                "b": 0,
                "c": 3.141592653589793,
                "x": 400,
                "y": -500,
                "z": 350
            },
            "comment": "",
            "gp": 0,
            "id": 3,
            "joint": {
                "j1": 0.03447025272688801,
                "j2": -0.8679696903092999,
                "j3": -0.06803293424273897,
                "j4": 2.0534671314339286,
                "j5": 0.30728266810612165,
                "j6": -2.2436905666087905
            },
            "name": "福賽特比心4",
            "tf": 1,
            "uf": 0
        },
        {
            "cart": {
                "a": 0,
                "b": 0,
                "c": 3.141592653589793,
                "x": 400,
                "y": -240,
                "z": 450
            },
            "comment": "",
            "gp": 0,
            "id": 6,
            "joint": {
                "j1": 0,
                "j2": 0,
                "j3": 1.5707963267948966,
                "j4": 0,
                "j5": 1.5707963267948966,
                "j6": 0
            },
            "name": "福賽特cp1",
            "tf": 1,
            "uf": 0
        },
        {
            "cart": {
                "a": 0,
                "b": 0,
                "c": 3.141592653589793,
                "x": 400,
                "y": -100,
                "z": 700
            },
            "comment": "",
            "gp": 0,
            "id": 7,
            "joint": {
                "j1": 0,
                "j2": 0,
                "j3": 1.5707963267948966,
                "j4": 0,
                "j5": 1.5707963267948966,
                "j6": 0
            },
            "name": "福賽特cp2",
            "tf": 1,
            "uf": 0
        },
        {
            "cart": {
                "a": 0,
                "b": 0,
                "c": 3.141592653589793,
                "x": 400,
                "y": 100,
                "z": 650
            },
            "comment": "",
            "gp": 0,
            "id": 8,
            "joint": {
                "j1": 0,
                "j2": 0,
                "j3": 1.5707963267948966,
                "j4": 0,
                "j5": 1.5707963267948966,
                "j6": 0
            },
            "name": "福賽特cp3",
            "tf": 1,
            "uf": 0
        },
        {
            "cart": {
                "a": 0,
                "b": 0,
                "c": 3.141592653589793,
                "x": 400,
                "y": 300,
                "z": 400
            },
            "comment": "",
            "gp": 0,
            "id": 9,
            "joint": {
                "j1": 0,
                "j2": 0,
                "j3": 1.5707963267948966,
                "j4": 0,
                "j5": 1.5707963267948966,
                "j6": 0
            },
            "name": "福賽特cp4",
            "tf": 1,
            "uf": 0
        }
    ],
    "program_code_number": "None",
    "protection": 0
}
