{
    "additional": {
        "j7": 0,
        "j8": 0,
        "j9": 1
    },
    "cart": {
        "a": -3.0355988081161773,
        "b": -0.10540043352793754,
        "c": -2.3617969970912465,
        "x": 411.803,
        "y": 193.63,
        "z": 297.13
    },
    "comment": "DEMO",
    "gp": 0,
    "joint": {
        "j1": -0.17588906289305037,
        "j2": 0.012785528027449453,
        "j3": 1.4900680311977668,
        "j4": 1.4061490555618367e-05,
        "j5": 1.6387404143313369,
        "j6": 5.957966162084465
    },
    "mode": "cart"
}